"filename","preise","keine preise"
"ÄGYPTEN VORDERER ORIENT.docx","",""
"ANTIKE TEXTE.docx","",""
"Autographen.docx","",""
"BIBLIOPHILE BÜCHER.docx","",""
"BIOGRAPHIEN.docx","",""
"BRIEFE TAGEBÜCHER WERKE.docx","",""
"BUCH VERLAG ALMANACHE.docx","",""
"BUDDHISMUS, HINDUISMUS.docx","",""
"CHRISTENTUM.docx","",""
"DEUTSCHE LITERATUR MONOGRAPHIEN.docx","",""
"DEUTSCHE LITERATUR TEXTE.docx","",""
"DEUTSCHLAND.docx","",""
"ERSTAUSGABEN A - G.docx","",""
"ERSTAUSGABEN H - M.docx","",""
"ERSTAUSGABEN N - Z.docx","",""
"ESOTERIK.docx","",""
"ETHNOLOGIE PSYCHOLOGIE NATURWISSENSCHAFT.docx","",""
"FREMDSPRACHIGE LITERATUR IN ÜBERSETZUNGEN.docx","",""
"FRÜHES CHRISTENTUM.docx","",""
"GESCHICHTE ALLGEMEIN LÄNDER.docx","",""
"Griechenland Rom.docx","",""
"Illustrierte Bücher.docx","",""
"INSEL-BÜCHEREI.docx","",""
"ISLAM.docx","",""
"JUDENTUM.docx","",""
"Kinder- und Jugendliteratur.docx","",""
"KUNSTBÜCHER.docx","",""
"LITERATUR-UND SPRACHWISSENSCHAFT.docx","",""
"MÄRCHEN.docx","",""
"MITTELALTER.docx","",""
"MONOGRAPHIEN FREMDSPRACHIGER AUTOREN.docx","",""
"MUSIK UND THEATER.docx","",""
"MYTHOLOGIE.docx","",""
"NEUZEIT.docx","",""
"OKKULTISMUS, GEHEIMWISSENSCHAFTEN.docx","",""
"ÖSTERREICH.docx","",""
"PHILOSOPHIE.docx","",""
"REISEN GEOGRAPHIE.docx","",""
"RELIGION ALLGEMEIN.docx","",""
"RENAISSANCE.docx","",""
"RUSSLAND.docx","",""
"Signierte Exemplare.docx","",""
"SONSTIGES, Bildbände, Kataloge Atlanten.docx","",""
"SUCHLISTE.docx","",""
"SYMBOLKUNDE.docx","",""
"WIEN.docx","",""
"ZEITGESCHICHTE, REPORTAGEN.docx","",""
"ZEITSCHRIFTEN.docx","",""
